id,name,email,department,salary,performance_score
1,Jessica Allen,jessica74@example.net,Finance,99976,25
2,Kimberly Zamora,ricky10@example.org,Sales,46379,29
3,Debra Mccormick,mathew00@example.org,IT,71235,9
4,Kristopher Rivera,wilsonjames@example.org,IT,111768,100
5,Samantha Davidson,gomezjennifer@example.net,Finance,40271,43
6,Jessica Welch,yblake@example.net,Sales,101049,45
7,Nancy Moore,kmiller@example.com,HR,66873,90
8,Samuel Gordon,michaelwells@example.com,HR,41051,75
9,Brian Skinner,bendercheryl@example.net,HR,99550,16
10,Jill Hoffman,morrownicholas@example.org,HR,36505,50
11,Luis Gill,julie97@example.net,Finance,32295,77
12,Brian Torres,alambert@example.com,Finance,85788,64
13,Joseph Johnson,wardchristine@example.com,IT,49407,22
14,Crystal Rubio,cvaughan@example.net,Finance,65828,5
15,Joshua Carpenter,teresa23@example.net,HR,112320,45
16,Melissa Sanchez,kristen84@example.net,IT,40065,29
17,Brett Gates,daniel99@example.org,Sales,91756,61
18,Stacie Little,richard23@example.org,IT,103138,89
19,Brian Thomas MD,moralesjillian@example.org,Sales,77764,90
20,Preston Green,hernandezkatherine@example.net,IT,70297,69
21,Samantha Murphy,paul66@example.com,Sales,30223,37
22,Brian Brown,carolstephens@example.net,HR,102784,69
23,Stephen Butler,jenkinsjoshua@example.net,Finance,91761,54
24,Tanya Thompson,tracylivingston@example.com,Sales,32646,96
25,Duane Anderson,reeveslaura@example.org,IT,53807,3
26,Sandra Williamson,sabrinahernandez@example.net,HR,49756,63
27,Abigail Smith,amanda56@example.net,Finance,62077,23
28,Michelle Young,mark18@example.net,HR,47771,96
29,Barbara Evans,jacob06@example.net,IT,63232,89
30,Omar Edwards,kfowler@example.net,IT,51717,41
31,Mr. Nathan Henson DVM,ferrellroberto@example.net,IT,43884,28
32,William Murray,hallrobin@example.org,Sales,62084,54
33,Paul Miller,lloydnicole@example.org,HR,47155,19
34,Paul Barry,suzannemoon@example.org,HR,73444,51
35,Jaclyn Vance,kvilla@example.com,Sales,59247,19
36,Robert Hernandez,stacey61@example.net,Finance,64747,80
37,James Rollins,tfrank@example.com,Sales,106484,97
38,Phillip Carey,joshua22@example.org,Sales,61853,67
39,Bradley Keith,glendatodd@example.com,IT,96053,37
40,Javier Porter,joshuamccullough@example.net,HR,63344,18
41,Kristin Martinez,brendarivas@example.net,Sales,101217,79
42,Sandra Hensley,jerry33@example.org,HR,30301,23
43,Cindy Gallagher,smithdavid@example.net,Sales,93927,18
44,Bradley Gray,davidbanks@example.org,Sales,66813,34
45,Lisa Mcgee,hardymatthew@example.com,HR,106966,92
46,Michael Chavez,brichardson@example.org,Finance,115462,81
47,Joseph Harris,charlesdiaz@example.org,IT,52280,97
48,Ashlee Callahan,treid@example.com,Finance,94569,40
49,Traci Graves,fharris@example.net,Sales,87765,87
50,Susan Chapman,smithchristopher@example.net,HR,119790,95
51,Mary Randolph,castillolisa@example.com,IT,119554,3
52,Nathan Padilla,adam58@example.net,Sales,32498,51
53,Michael Jimenez,martinezmackenzie@example.net,Finance,82784,81
54,Christy Harris,garciakelsey@example.org,Finance,76409,43
55,Jessica Kent,qflowers@example.com,Sales,106358,36
56,Ms. Lisa Parks,fwoods@example.com,IT,38914,43
57,Melissa Cochran,awright@example.com,HR,89759,41
58,Sarah Maldonado,michaelkelley@example.org,HR,99985,46
59,John Green,henrykelsey@example.com,HR,36004,1
60,Michael Scott,xhahn@example.org,HR,43422,15
61,Gary Nichols,ugomez@example.org,HR,108504,95
62,Elizabeth Grant,eallen@example.net,Finance,87541,13
63,Stephanie Lee,biancaserrano@example.net,Sales,30539,57
64,Diana Powers,harrellkyle@example.net,Finance,37544,95
65,Todd Smith,lallen@example.org,IT,63394,34
66,Marcus Vargas,anna74@example.com,IT,36109,16
67,Gwendolyn Jordan,coxjacqueline@example.net,Finance,61064,82
68,Rebecca Barnes,brooke40@example.net,Finance,114205,46
69,Jennifer Knapp,yvalentine@example.com,Sales,36546,83
70,David Johnson,mckinneyjeremy@example.org,Sales,112127,58
71,Victoria Pope,melissa99@example.com,Finance,104166,82
72,Alan Anderson,wwyatt@example.com,IT,78303,10
73,Zachary Lutz,tanderson@example.net,IT,65430,51
74,Ashley Nelson,poncenancy@example.net,Sales,81176,45
75,Kimberly Smith,ritterjessica@example.net,HR,41586,71
76,Mrs. Maria Johns,annhernandez@example.org,Finance,96778,26
77,Ryan Moran Jr.,edward87@example.org,Sales,65137,84
78,Heather Reed,richard00@example.org,IT,35971,75
79,Chad Hogan,lriley@example.net,HR,48496,97
80,Carolyn Hayes,andersonstephen@example.com,HR,78567,91
81,Dawn Frank,smithaaron@example.org,IT,34260,87
82,Michael Love,kennethgarcia@example.com,IT,70757,39
83,Angela Potter,gonzalezkayla@example.net,Finance,113810,22
84,Monica Gomez,nvance@example.net,Finance,64263,78
85,Bradley Wright,briannahammond@example.net,HR,117684,91
86,Lori Gibson,paula83@example.net,Finance,109856,70
87,Eric Williams,tannerchoi@example.org,Finance,72780,61
88,Michelle Travis,blairheather@example.net,IT,48611,67
89,David Mercer,onewman@example.org,Finance,91327,66
90,Carrie Duarte,wisenicholas@example.com,Sales,117162,67
91,Abigail Rowe,shirleyjacobs@example.net,HR,49004,17
92,Jacqueline Waller,barajaswendy@example.org,Finance,115493,23
93,Gregory Gray,andreahamilton@example.net,Finance,88818,95
94,Joshua Craig,alexmeyer@example.org,HR,118650,6
95,Colin Lowery,kathleen23@example.com,Sales,43038,16
96,Alicia Smith,james34@example.com,HR,74622,93
97,Kimberly Carr,jenniferjones@example.net,Finance,44523,44
98,Kayla Smith,jamesmark@example.org,Finance,101151,86
99,Savannah Rowland,ghoffman@example.com,HR,60844,29
100,Blake Foster,collinsfrank@example.com,Sales,96397,35
101,Tiffany Oliver,emoore@example.org,HR,104599,75
102,Terry Atkins,jacquelinewoods@example.net,IT,63459,40
103,Isaac Mitchell,davidjones@example.net,IT,54447,85
104,Terry Garner,mriley@example.org,IT,87017,75
105,Christopher Parker MD,bsmith@example.net,Sales,88470,39
106,Teresa Love,carterashley@example.com,IT,88333,84
107,Darrell Williams,bryanstokes@example.org,IT,52653,72
108,Catherine Chase,sbrock@example.net,Finance,76146,31
109,Jennifer Hayes,joseph29@example.com,HR,44858,99
110,Wendy Johnson,vincenthicks@example.net,IT,114736,21
111,Michele Davila,berryangelica@example.net,Sales,53455,39
112,Kelly Stewart,wcollins@example.com,Sales,110258,60
113,Debra Fischer,scott11@example.com,IT,119926,73
114,Caleb Warner,portermonique@example.net,HR,114066,37
115,Jacqueline Mitchell,jacquelinebrandt@example.org,HR,61354,32
116,David Webb,owilliamson@example.org,Finance,40661,27
117,Kelly Smith,mariafisher@example.net,Sales,60076,51
118,Rachel Watson,garyknox@example.org,Finance,119996,22
119,Daniel Rojas,nduncan@example.net,HR,30788,84
120,Amy Sampson,ksmith@example.org,IT,109151,72
121,Rebecca Herrera,browe@example.org,Sales,42129,51
122,Jeffrey Martin,marc79@example.org,Finance,61065,81
123,Steven Mitchell,jerome90@example.net,IT,74357,25
124,Dr. Michelle Lee,jake05@example.org,IT,117136,44
125,William Daniels,sandra84@example.com,Finance,110556,6
126,Richard Jones,mmorse@example.net,Finance,111113,65
127,Megan Luna,zkirk@example.org,Sales,98159,4
128,Theresa Martin,burkesteven@example.com,Sales,105744,84
129,Javier Cooley,awagner@example.net,HR,87216,42
130,Amy Gibson,devindorsey@example.com,IT,75687,58
131,Madeline Williams,smithjonathan@example.org,IT,69739,92
132,Danielle Franklin,vjones@example.net,Sales,93751,71
133,Laurie Wilson,allison18@example.org,Finance,114579,82
134,Tiffany Brown,wmoore@example.org,Finance,93043,7
135,Jamie Brown,jasonhudson@example.org,HR,34156,100
136,Kimberly Oliver,scott62@example.com,Finance,41237,58
137,Mr. Jeremy Barton Jr.,hlewis@example.net,Finance,104182,23
138,Kelly Lynch,tiffanymalone@example.org,Finance,64963,83
139,Steven Collins,johnsonheidi@example.net,Finance,110536,34
140,Margaret Watson,jennifer15@example.org,IT,41827,15
141,Donna Jimenez,ronnie66@example.org,HR,94869,28
142,Pamela Hood,morenokim@example.net,HR,115424,63
143,John Massey,rosariolori@example.com,HR,91865,84
144,Nicole Briggs,whiteheadlinda@example.org,HR,38097,40
145,Melissa Hart,amanda34@example.net,Finance,59238,6
146,Robert Williams,thomas23@example.com,IT,49013,92
147,Brian Bennett,kjones@example.com,IT,46561,91
148,Julia Vega,newmancassandra@example.net,Finance,85019,81
149,John Hunter,coffeysean@example.com,Finance,103315,40
150,Donald Nolan,pgilbert@example.org,HR,59129,27
151,Amber Stout,griggs@example.org,Sales,73151,12
152,Russell Nguyen,yhernandez@example.com,HR,98900,15
153,Bryan Henry,ogalvan@example.net,Sales,58454,50
154,Kathy Steele,alimichael@example.net,Finance,119392,84
155,Daniel Johnson,lrichards@example.com,IT,74869,46
156,Wendy Walton,brenda19@example.com,HR,109713,6
157,Wanda Hughes,dgill@example.org,Sales,80592,54
158,Richard Perez,whenderson@example.net,Finance,61254,41
159,Dr. Shannon Shea,regina47@example.net,Finance,49221,13
160,Cynthia Miller,yhorton@example.net,HR,51690,19
161,Ashley Mason,andrew67@example.com,Finance,107467,19
162,Cynthia Whitney,jason89@example.org,IT,37126,3
163,Pamela Lin,egilmore@example.org,Finance,42255,93
164,Scott Murillo,lori79@example.com,HR,95879,29
165,Mark Bell,jaymorris@example.org,HR,41085,47
166,Bernard Morales,tabithagross@example.org,HR,107903,83
167,Angela Bell,john98@example.com,HR,44045,34
168,Christopher Hurst,thompsontimothy@example.com,Sales,74478,67
169,Holly Mays,joneswesley@example.org,Sales,115953,85
170,Frances Williams,hollylang@example.com,Finance,92560,79
171,Katherine Sullivan,amanda53@example.com,HR,101049,71
172,Thomas Fuentes,beckamy@example.org,IT,54184,4
173,Bryan Morgan,lowepeggy@example.com,Sales,85861,86
174,Robert Phillips,tanner21@example.org,IT,73189,5
175,Megan Mcdonald,anelson@example.org,Sales,76617,57
176,Mrs. Kelly Ruiz,nicholas56@example.com,Finance,66608,79
177,Lisa Jackson,kfoley@example.net,Sales,48759,19
178,Jessica Mitchell,stephanie88@example.org,Sales,45808,16
179,Scott Davis,tuckerjennifer@example.net,HR,81940,55
180,Kathleen Palmer,eric37@example.net,Sales,83958,39
181,Anthony Pope MD,williamsdawn@example.org,Sales,48905,39
182,Bradley Gray,hannah54@example.net,HR,50610,92
183,Robert Campbell,johnwhite@example.com,Finance,117627,41
184,David Jackson,elizabethgarcia@example.org,Finance,46719,18
185,Marilyn Hogan,johnspaige@example.org,Sales,66573,4
186,Samantha Simpson,isaiahsanchez@example.com,Finance,114105,47
187,Brian Dennis,henry71@example.com,IT,116182,4
188,Allison Clark,wongelizabeth@example.net,Sales,41336,42
189,Emily Cunningham,adam12@example.com,Sales,118220,81
190,Stephen Roberts,hjenkins@example.net,IT,96810,35
191,Gerald Mayer,jennifermitchell@example.net,IT,105496,1
192,Barbara Foster,jason27@example.com,Sales,113840,82
193,Amanda Stark,christopherlara@example.com,IT,51473,65
194,Jerome Ferguson,renee86@example.com,Sales,34100,78
195,Holly White,wattssteven@example.com,HR,84013,39
196,Andrew Myers,ohall@example.net,HR,89902,99
197,Sydney Cabrera,joemartin@example.com,Finance,72064,50
198,Miguel Pruitt,david33@example.org,IT,93426,24
199,William Stewart,thomasday@example.net,HR,95941,36
200,Kristina Edwards,ugriffin@example.org,Sales,76555,51
201,Jennifer Crane,monica72@example.org,IT,52959,31
202,Shawn Gonzalez,thompsonrandall@example.com,IT,74189,74
203,Kevin Larson,aortiz@example.net,IT,37490,80
204,James Harris,angela57@example.net,Sales,63064,34
205,Nicole Simon,teresafrancis@example.org,Sales,63524,4
206,Cynthia Reynolds,davidriddle@example.net,IT,82232,89
207,Sharon Dean,josephrivas@example.com,HR,35398,58
208,Bryan Spencer,meganclark@example.net,HR,95457,6
209,Curtis Williams,hfowler@example.org,IT,47150,66
210,John Grant,hilljonathan@example.net,HR,93097,47
211,Travis Taylor MD,fpace@example.org,IT,71290,25
212,Shawn Henson,kaiserlatoya@example.net,IT,76081,12
213,Victoria Thompson,jamie31@example.com,IT,90485,49
214,Anthony Shaffer,steeleamy@example.com,HR,48793,69
215,Keith Thompson,moorenicholas@example.com,Finance,113140,8
216,Renee Nichols,gwendolyn98@example.org,Sales,99272,96
217,Maria Jordan,richard40@example.org,IT,53695,83
218,Elizabeth Atkins,jonesmichael@example.net,Sales,78139,97
219,Nancy Austin,jennifer24@example.com,HR,72615,7
220,Pamela Mccoy,johnwilliams@example.net,Finance,40499,12
221,Teresa Mendoza DDS,jose56@example.net,Sales,100411,41
222,Michael Washington,brocklisa@example.com,Sales,68517,96
223,Nicholas Horton,millerandrea@example.org,Finance,60095,52
224,Luis Williams Jr.,amitchell@example.com,IT,44318,84
225,Sandra Wagner,christina70@example.net,Sales,113421,8
226,Gregory Smith,gdixon@example.net,Sales,60686,17
227,Daniel Mclaughlin III,francisco74@example.net,IT,94938,75
228,Amanda Peterson,terrenceschmitt@example.org,Sales,105758,11
229,Megan Brown,ninalucas@example.net,Sales,65457,25
230,Scott Schroeder,joseph67@example.net,Finance,60222,93
231,William Boyd,higginsclarence@example.net,HR,99623,14
232,Victoria Tapia,ebennett@example.net,Finance,39871,19
233,Amy Ware,schneidergeorge@example.com,Finance,102123,98
234,Robert Anderson,stephanie82@example.net,IT,47961,67
235,Amy Gibson,jennifer31@example.net,HR,62834,52
236,Brad Patterson,williamsmark@example.org,HR,105390,79
237,Rachel Fletcher,cbradford@example.com,Sales,109797,2
238,Jacqueline Smith,molinakelly@example.com,IT,93436,13
239,Jaime Nelson,josephhernandez@example.net,Sales,104993,30
240,Mrs. Mindy Curtis,nicholasmoore@example.com,IT,101027,39
241,Melissa Davis,henryeric@example.net,HR,55955,44
242,Tricia Smith,walkerlori@example.org,HR,100241,53
243,Ariana Browning,kharding@example.net,Sales,82643,85
244,Susan Reynolds,cynthia98@example.com,Sales,101620,20
245,John Stevenson,andersonerin@example.net,Finance,93017,23
246,Michelle Haynes,whitenicholas@example.com,HR,72138,24
247,Nicholas Peck,adamsdavid@example.net,Finance,45935,10
248,Bailey Wiggins,michaelforbes@example.com,IT,102997,26
249,Rachel Mckee,vwhitaker@example.org,HR,106963,58
250,Danny Washington,cassandrabenson@example.org,Sales,57102,84
251,Crystal Adkins,laurengonzalez@example.net,Sales,64129,89
252,Kimberly Brown,ccannon@example.net,Finance,54115,48
253,William King,fdickson@example.org,Sales,119814,94
254,Barbara Garcia,codygarcia@example.org,HR,71368,67
255,Donna Woodard,arobbins@example.net,IT,51440,37
256,Matthew Foster,rhall@example.org,IT,43296,94
257,Pamela Johnson,rodriguezgregory@example.com,Finance,91939,21
258,Gina Joseph,lesliefox@example.net,Sales,91218,94
259,Nancy Barton,douglassmith@example.com,HR,92453,42
260,Gary Barnett,dylanjohnson@example.com,IT,64848,73
261,Lynn Miller,hallrobert@example.com,HR,66417,38
262,John Cain,amanda16@example.org,HR,39753,11
263,Mark Simmons,rachelnewton@example.org,HR,77710,81
264,Daniel Shaw,sjones@example.net,Finance,40883,33
265,Luke Reyes,joliver@example.com,IT,75359,61
266,Joseph Walton,gwendolynmurillo@example.net,IT,48719,82
267,Melissa Lopez,lalvarez@example.net,IT,111461,97
268,Jessica Bell,ibrown@example.org,Finance,96374,36
269,Gary Cooper,martinwatts@example.com,Sales,66125,95
270,Madison Anderson,jack95@example.com,Sales,31035,91
271,Thomas Walsh,molinakimberly@example.com,Sales,70430,7
272,Lori Walker,lawrence87@example.com,Finance,30329,20
273,Joshua Ferguson,mario24@example.net,HR,35744,16
274,Cassandra Sutton,andrea36@example.net,HR,50235,49
275,David Middleton,leblancstephanie@example.net,HR,93429,94
276,Melody Warren,williamschristina@example.net,Sales,35956,59
277,Thomas Short,juanreed@example.com,Finance,94063,27
278,Paul Freeman,keith28@example.net,IT,63900,57
279,Danielle Gallagher,cheryl91@example.org,Sales,49565,38
280,Debra Jenkins,mmckinney@example.com,IT,75867,77
281,Kathy Dorsey,patricia40@example.net,Sales,60645,29
282,Renee Rubio,williamssarah@example.org,Sales,42388,29
283,Sarah Adkins,enunez@example.com,IT,62941,54
284,Michael Ayala,todd49@example.com,Finance,37360,94
285,Latasha Wright,efrederick@example.com,Finance,52813,10
286,Ashley Johnson,martinezrachel@example.net,IT,66254,28
287,Alvin Beck,staceymeyers@example.com,Finance,41195,60
288,Brian Beck,jasmine16@example.net,Finance,98833,18
289,Lisa Burns,michaelbradley@example.com,IT,96931,100
290,Colleen Smith,cindy14@example.net,IT,67349,25
291,David Pittman,ihorton@example.com,Finance,53805,35
292,Eric Lucas,petersalas@example.org,HR,98661,61
293,Thomas Mack,frostdustin@example.net,HR,92294,20
294,Beth Walters,clevy@example.org,Finance,77094,42
295,Timothy Baker,eileen63@example.com,IT,119181,87
296,Thomas Salazar,barrygregory@example.org,Finance,39599,12
297,Leslie Little,madeline86@example.com,IT,110803,84
298,Carmen Reese,maryrandolph@example.org,IT,92694,29
299,Joshua Potter,kayla69@example.net,IT,33479,94
300,Robert Odom,thomas61@example.net,IT,94977,68
301,Patrick Oneal,patrickgarza@example.org,IT,35158,16
302,Bryan Patel,bmartinez@example.org,HR,94451,18
303,Calvin Andrade,trogers@example.net,Sales,69764,83
304,Lisa Burton,christopher91@example.net,Finance,88795,67
305,Lindsay Chapman,mboyd@example.com,Sales,73004,66
306,Anthony Riley,michael28@example.net,IT,33454,81
307,Richard Simmons DDS,trivera@example.net,Sales,58410,59
308,Jasmine Miranda,tford@example.net,IT,45980,14
309,Jordan Smith,ilandry@example.net,Finance,95381,30
310,Tina Day,cynthiaclayton@example.com,Sales,35454,93
311,Melissa Larson,alejandro89@example.com,IT,119324,3
312,Kayla White,louismartinez@example.org,Finance,45041,53
313,Charles Stewart,brittneywallace@example.org,Finance,63262,2
314,Penny Johnson,ashley04@example.net,Finance,80378,15
315,Paul Wright,danielmcgrath@example.net,IT,47906,51
316,Morgan Eaton,ryanhudson@example.net,Finance,49611,56
317,Thomas Solomon,ryan57@example.com,IT,67396,27
318,Robert Coleman,whitesheila@example.org,Finance,87929,62
319,Lisa Daniels,catherinemorgan@example.org,Sales,64881,78
320,Dana Ramirez,adrienne66@example.com,IT,75086,42
321,Jillian Crosby,jacquelinemedina@example.org,Finance,59294,72
322,Heather Stevens,clarkolivia@example.net,IT,57103,14
323,Tammy Mullins,maryjackson@example.net,HR,101613,35
324,Linda Young,jesus23@example.com,HR,104152,47
325,Elizabeth Little,lambshari@example.net,IT,56349,23
326,Alan Wolfe,jeffreysmith@example.org,HR,118130,66
327,David Collins,xjones@example.org,IT,56846,73
328,Xavier Espinoza,hriley@example.net,HR,85696,48
329,Cory Norris,jennifer11@example.org,Sales,40078,58
330,Penny Williams,shirley53@example.net,Sales,103435,78
331,Nicholas Massey,annegriffin@example.net,Finance,62341,85
332,Christian Stephenson,vblair@example.net,Finance,34066,61
333,Jeffrey Sims,andersondominic@example.com,Sales,76248,50
334,Sharon Walker,elizabeth81@example.org,Sales,68017,93
335,Norma White PhD,jennawright@example.com,HR,103755,93
336,Larry Li,goodwindevin@example.net,IT,108760,100
337,Rhonda Li,hernandezkelsey@example.org,IT,75245,27
338,Alexander Stanton,tracythomas@example.com,IT,103249,72
339,Anthony Jenkins,mejiarichard@example.com,IT,79142,5
340,Andrew Wilson,barbara81@example.org,Finance,115190,65
341,Benjamin Farmer,jennifer93@example.org,Sales,58338,72
342,Mary Lee,alexanderkimberly@example.org,Sales,63936,69
343,Michelle Turner,perezemily@example.net,Finance,75287,12
344,Douglas Campbell,andrew21@example.org,IT,71197,79
345,Adriana Bowen,matthew96@example.com,Finance,30419,20
346,William Barber,tinarogers@example.org,Sales,51163,17
347,Elizabeth Lang,irogers@example.net,Finance,90797,8
348,Meghan Miller,robertcurtis@example.net,IT,62239,28
349,William Wilson,donald58@example.net,Finance,45752,35
350,April Simmons,jasoncarter@example.org,HR,94722,15
351,Sara Rice,cmathews@example.net,HR,59715,81
352,Angela Dennis,elizabethtrujillo@example.com,HR,78450,60
353,Robert Carrillo,matthewrose@example.net,HR,39054,98
354,Charles Pope,ulopez@example.org,IT,71918,79
355,Tyler Ortiz,ashleyhudson@example.com,HR,89995,77
356,Scott Sandoval,danielle75@example.com,IT,70753,93
357,Aaron Bennett,vpowers@example.org,HR,94619,85
358,Steven Jones,ivance@example.net,Sales,73537,77
359,Frederick Murray,jacob18@example.net,HR,49402,50
360,Justin Porter,estafford@example.com,Finance,84537,80
361,Devin Mayo,armstrongjack@example.org,Finance,78058,99
362,Jason Parks,craig26@example.net,Finance,89503,72
363,Tyler Jones,lbryant@example.com,Sales,46635,45
364,Connie Kramer,dmitchell@example.net,IT,112710,71
365,Melissa Hickman,robin46@example.org,Sales,36100,99
366,Sarah Turner,desireelopez@example.org,HR,92574,64
367,Anthony Norris,louisbeasley@example.com,Finance,119733,91
368,Christina Warner,amanda14@example.org,Finance,74638,69
369,Charles Calderon,keiththompson@example.com,HR,54610,88
370,Jennifer Moore,jaimejones@example.com,Sales,102644,12
371,Isaac Brown,leslie02@example.net,Sales,89852,77
372,Daniel Brown,nathaniel16@example.com,Sales,76198,84
373,Jason Lewis,williamslaura@example.net,IT,88842,64
374,Kristen Fuller,kvance@example.org,HR,50312,7
375,Erin Smith,kerrymartin@example.net,IT,36857,72
376,Richard Adams,coopernichole@example.com,Sales,108088,58
377,Tammie Wilson,lanechristopher@example.com,HR,73638,34
378,Lisa Lloyd,ramosrebecca@example.org,Finance,95986,15
379,Rachel Flowers,gwinters@example.org,Sales,53532,25
380,Shannon Dawson,justin67@example.net,IT,42672,17
381,Veronica Castro,brittanymccarthy@example.com,HR,104630,9
382,Ashlee Green,annabarker@example.com,Finance,58213,93
383,Eric Tran,zsmith@example.org,IT,65269,2
384,Danny Daniels,matanicole@example.org,Sales,35193,87
385,Wayne Bean,qprice@example.org,HR,64988,100
386,Sabrina Skinner,robert98@example.org,Sales,67228,87
387,Sharon Fisher,ericlong@example.com,HR,98414,100
388,Marcus King,bensonjennifer@example.com,HR,45070,69
389,Adam Braun,amy13@example.org,IT,53503,95
390,Nicholas Maldonado,jasonlester@example.net,HR,87405,91
391,Catherine Joseph,robert17@example.org,Sales,46559,60
392,Janet Pham,kaylagarcia@example.net,IT,56193,73
393,Heather Cooper,kaisergary@example.net,Finance,103449,20
394,Ryan Dunn,meadowsphillip@example.net,HR,113701,35
395,Eric Shields,lyonstiffany@example.org,IT,61468,6
396,Robert Williams,fsmith@example.com,IT,65783,55
397,Michele Jones,daniel95@example.net,Finance,38015,33
398,Michael Williams,joshua23@example.net,Finance,68208,16
399,Jessica Allen,justingarcia@example.com,Sales,108617,62
400,Kimberly Ortiz,gibbsgrace@example.com,IT,107467,24
401,Jason Sanchez,brittany16@example.net,IT,35359,35
402,Angela Washington,jacobpearson@example.org,Sales,65024,30
403,Carl Williams,tammy05@example.net,HR,105204,31
404,Anna Sherman,kylehenderson@example.net,Finance,35891,24
405,Kevin Henderson,fphillips@example.net,HR,52017,29
406,Annette Knapp,curtisallen@example.net,Finance,81845,2
407,Bernard Ferguson,stevenwilliams@example.org,HR,105796,93
408,Gabrielle Walker,christopherparker@example.net,HR,58913,78
409,Cynthia Pratt,tlove@example.org,HR,99630,81
410,Jesus Vance,josephreyes@example.com,IT,105443,56
411,Julie Kelley,robertunderwood@example.com,HR,74915,63
412,Taylor Pierce,hilltammy@example.org,HR,51680,94
413,Alexander Porter,michaelmiller@example.com,Sales,108158,5
414,Sarah Johnson,stephen16@example.com,HR,105070,63
415,Shelby Martin,dennishaynes@example.com,Finance,108693,100
416,Melissa Hall,hdelacruz@example.com,Finance,115159,68
417,Jennifer Jackson,waltersjohn@example.net,HR,59220,64
418,Scott Atkins,hollygonzales@example.net,HR,76489,13
419,Kristen Oliver,thomassexton@example.com,Sales,112166,19
420,William Hebert,nmartinez@example.com,IT,111509,11
421,Stephen Hernandez,williamsjennifer@example.net,Finance,72568,54
422,Mark Ramos,rachel58@example.com,IT,100271,87
423,Steven Larson,alankirk@example.com,IT,103650,44
424,Molly Martin,jesse76@example.org,IT,61170,82
425,Eric Pugh,richardbrooks@example.org,Finance,88928,4
426,Matthew Ruiz,miguelhogan@example.com,IT,95948,44
427,George Carroll,staylor@example.com,HR,46945,37
428,Christopher Christensen,nicholas17@example.com,IT,74100,31
429,Edward Blake,shannongarcia@example.com,Sales,107152,15
430,Amanda Ruiz,hernandezchristine@example.org,HR,77463,53
431,Rachel Welch,uwalker@example.org,Finance,39896,75
432,Joshua Nelson,twelch@example.org,Sales,41817,56
433,Tara Lopez,iashley@example.org,Sales,108921,98
434,Brandon Parker,robert88@example.org,HR,107447,1
435,Alexa Burke,allengary@example.net,IT,70182,82
436,William Brown,ymartinez@example.com,IT,38993,48
437,Christina Williams,todd61@example.org,Sales,88836,41
438,Cassandra Anderson,brandon31@example.net,Finance,56977,41
439,Lisa Herring,larry33@example.com,Finance,43469,96
440,Victoria Wright,meganbridges@example.net,Finance,51899,92
441,Crystal Smith,benjaminwilson@example.com,HR,37105,48
442,Tiffany Mann,renee39@example.com,Finance,81894,92
443,William Montgomery,keith90@example.com,IT,81521,80
444,Tara Garrison,katherine22@example.org,HR,66509,20
445,Elizabeth Cunningham,jennifer79@example.org,Sales,59079,87
446,Cory Sanchez,lthomas@example.net,Finance,37963,31
447,Gregory Austin,michaelsimpson@example.com,IT,46853,77
448,James Gray,kristina46@example.com,Sales,37643,59
449,Alfred Turner,muellerann@example.net,IT,85987,46
450,Caitlin Simpson,deleonhoward@example.org,HR,68742,84
451,Katherine James,uyang@example.net,Sales,33625,26
452,Rachel Mejia,ricky55@example.org,HR,35253,33
453,Michael Garcia,larsonpatrick@example.org,Finance,100893,37
454,Alan Salinas,elliottsheila@example.org,Sales,66798,62
455,Michael Todd,xraymond@example.org,Sales,72432,11
456,Nicole Calderon,johnsongabriela@example.com,Finance,109481,61
457,Diane Jones,moyervictoria@example.org,Finance,90724,43
458,Jennifer Goodman,jamessims@example.com,IT,32159,48
459,Emily Williams,owhite@example.net,IT,52812,77
460,Angela Nixon,lewischristine@example.org,Sales,84402,18
461,Ashley Mendez,gregory74@example.com,Finance,90477,37
462,Brendan Lin,timothydickerson@example.org,HR,54078,13
463,Sean Walton,xmartinez@example.net,Sales,106047,23
464,Patrick Tucker,christopherterrell@example.org,Sales,98122,88
465,Antonio Miller,wilcoxstephanie@example.com,HR,116755,7
466,Melinda Hunter,derekreyes@example.org,HR,93245,67
467,James Wolfe,dylan12@example.com,Finance,59813,16
468,David Montoya,fergusonryan@example.org,Finance,64012,33
469,Jonathan Phelps,obarnes@example.com,Finance,95131,80
470,William Kelly,henrylisa@example.net,Finance,107989,59
471,Dawn Vang,lindsaypierce@example.com,Sales,96415,3
472,Diane Horton,ricelogan@example.net,HR,72926,50
473,Melanie Harvey,raventhomas@example.org,Finance,114235,73
474,Kristen Ryan,floreskevin@example.com,Finance,35358,21
475,Michael Stewart,allison18@example.com,IT,44151,96
476,Samantha Madden,allison24@example.org,Sales,84371,86
477,Gabriel Lee,wendytaylor@example.com,IT,34356,45
478,Miguel Navarro,megan90@example.com,HR,37497,57
479,Wendy Cuevas,stokesandrew@example.org,HR,33456,56
480,Alexis Irwin,mpearson@example.org,IT,111654,55
481,Mary Riley,kristina96@example.net,Sales,64719,54
482,Lawrence Buck,thomasrichardson@example.com,IT,88838,22
483,Jason Garcia,bryantsamantha@example.net,IT,37234,55
484,Rodney Fitzgerald,kaitlynstevenson@example.com,HR,90136,37
485,Zachary Foster MD,bryantaylor@example.net,IT,73916,2
486,Sarah Holt,wlewis@example.net,IT,63922,25
487,Andrea Hill,georgewatson@example.org,HR,62530,4
488,Sergio Johnston,davidsonmargaret@example.net,HR,34332,99
489,Sylvia Jones,zodonnell@example.net,Finance,80812,78
490,Melissa Page,millercheryl@example.com,Finance,86470,59
491,Marissa Banks,daniellemercer@example.net,Sales,41540,72
492,Stephanie Peterson,prodriguez@example.com,HR,54267,80
493,Brian Collins DDS,casey88@example.net,IT,30652,72
494,Cory Guzman,robin06@example.net,IT,65701,26
495,Teresa Smith,racheltucker@example.net,Sales,117045,6
496,John Farley,susanreynolds@example.net,IT,58862,86
497,Michael Johnson,gregory63@example.org,IT,87799,8
498,Nicholas Ross,whiteangel@example.net,Finance,83998,19
499,Christopher Chapman,vanessasimpson@example.net,IT,58515,65
500,Anthony Mcpherson,mdavis@example.org,HR,76738,5
